delete from leave_requests;
delete from employment;
delete from employee;
delete from leave_detail;
delete from salary;
delete from bank_details;
delete from address;
delete from supervisor;
insert into department values ('Admin','00001');
insert into department values ('HR','00002');
insert into employee (name,gender,phone_number,email,birth_date,marital_status) values ("Sadeepa Dhananjaya","Male","0717035989",'sadeepaekanayaked@gmail.com','1999-02-01','Married');
insert into employee (name,gender,phone_number,email,birth_date,marital_status) values ("Shanilka Shanilka","Male","0775645321",'shalikaadithya123@gmail.com','1999-01-17','Married');
insert into employee (name,gender,phone_number,email,birth_date,marital_status) values ("Shanuka Lakshan","Male","0756434192",'shanukalakshan10@gmail.com','1987-05-03','Single');
insert into employee (name,gender,phone_number,email,birth_date,marital_status) values ("Harsha Senarathna",'Male','077344012','harsham@gmail.com','1999-07-10','Widowed');
insert into employee (name,gender,phone_number,email,birth_date,marital_status) values ("Ishara Malkumara","Male",'071868749','isharaam@gmai.com','1998-04-11','Separated');
insert into address values('20000','no.187/2','holla rd','central','Matale','20000');
insert into address values('20001','no.123/9','tolla rd','central','Galle','20200');
insert into address values('20002','no.200/3','talla rd','western','Kandy','15000');
insert into address values('20003','no.69/69','walla rd','central','Kandy','20140');
insert into address values('20004','no.71','balla rd','western','Colombo','40558');
insert into salary values ("Software engineer","3","400000");
insert into salary values ("Software engineer","1","200000");
insert into salary values ("Software engineer","2","300000");
insert into salary values ("Accountant","3","100000");
insert into salary values ("Accountant","2","200000");
insert into salary values ("Accountant","1","300000");
insert into salary values ("QA engineer","3","100000");
insert into salary values ("QA engineer","2","150000");
insert into salary values ("QA engineer","1","200000");
insert into salary values ('HR manager','3','300000');
insert into salary values ('HR manager','2','200000');
insert into salary values ('HR manager','1','100000');
insert into employment values("20000","Software Engineer","1","Permenant","00001");
insert into employment values("20001","Accountant","1","Permanent","00001");
insert into employment values("20002","QA Engineer","1","Permanent","00001");
insert into employment values('20003','HR Manager','2','Permanent','00002');
insert into employment values('20004','HR Manager','3','Intern','00002');
insert into leave_detail values("1","Software engineer",'25','25','25','25');
insert into leave_detail values("2","Software engineer",'25','25','25','50');
insert into leave_detail values("3","Software engineer",'10','50','50','50');
insert into leave_detail values("1","Accountant",'30','10','10','50');
insert into leave_detail values("2","Accountant",'30','10','10','50');
insert into leave_detail values("3","Accountant",'30','20','20','50');
insert into leave_detail values("1","QA engineer",'20','10','20','50');
insert into leave_detail values("2","QA engineer",'20','20','20','50');
insert into leave_detail values("3","QA engineer",'20','30','30','50');
insert into leave_detail values("1","HR manager",'12','8','20','50');
insert into leave_detail values("2","HR manager",'12','20','10','50');
insert into leave_detail values("3","HR manager",'12','30','20','50');
insert into leave_requests values("20000",'Annual','2022-09-10',null,null,'Pending');
insert into leave_requests values("20000",'Annual','2022-09-11',null,null,'Pending');
insert into leave_requests values("20000",'Maternity','2022-09-12',null,null,'Pending');
insert into leave_requests values("20000",'Annual','2022-09-13',null,null,'Pending');
insert into leave_requests values("20001",'Casual','2022-10-10',null,null,'Pending');
insert into leave_requests values("20001",'Casual','2022-08-10',null,null,'Approved');
insert into leave_requests values("20002",'Casual','2022-10-10',null,null,'Pending');
insert into leave_requests values("20001",'Casual','2022-10-11',null,null,'Approved');
insert into leave_requests values("20001",'maternity','2022-10-12',null,null,'Pending');
insert into supervisor values("20000",'20001');
insert into supervisor values ('20000','20002');
insert into supervisor values ('20000','20003');
insert into supervisor values ('20001','20002');
insert into supervisor values ('20001','20003');
insert into supervisor values ('20002','20003');
insert into supervisor values ('20002','20004');
insert into bank_details values ("20000","Bank of ceylon","Matale","1234567890");
insert into bank_details values ("20001","People's bank","Galle",0987654321);
insert into bank_details values ("20002","Hatton National Bank","Kandy","5678901234");
insert into bank_details values ('20003','Sampath bank','Kandy','47394965730');
insert into bank_details values ('20004','Amana bank','Colombo','00156657877');
insert into payroll values('20000','2022-10-9');
insert into payroll values('20000','2022-09-9');
insert into payroll values('20000','2022-08-9');
insert into payroll values('20001','2022-10-9');
insert into payroll values('20002','2022-09-9');
insert into payroll values('20003','2022-08-9');
insert into payroll values('20004','2022-07-9');
insert into user values ('adi2012','20001','112233','admin',null,null);
insert into user values ('david007','20002','112233','hr',null,null);
insert into user values ('--ama--','20004','112233','user',null,null);
insert into user values ('sudumalli69','20003','112233','user',null,null);
insert into user values ('syph3rd','20000','112233','admin',null,null);

set autocommit=0;