delete from personal_leave;
delete from employee;
delete from employment;
delete from leave_detail;
delete from salary;
delete from bank_details;
delete from address;
delete from supervisor;
insert into employee values ("Sadeepa Dhananjaya","200155","male","0717035989",'sadeepaekanayaked@gmail.com','1999-02-01','married');
insert into employee values ("Shanilka Shanilka","200165","male","0775645321",'shalikaadithya123@gmail.com','1999-01-17','married');
insert into employee values ("Shanuka Lakshan","200336","male","0756434192",'shanukalakshan10@gmail.com','1987-05-03','single');
insert into employee values ("Harsha Senarathna",'200595','male','077344012','harsham@gmail.com','1999-07-10','widowed');
insert into employee values ("Ishara Malkumara", "200111","male",'071868749','isharaam@gmai.com','1998-04-11','separated');
insert into address values('200155','no.187/2','holla rd','central','matale','20000');
insert into address values('200165','no.123/9','tolla rd','central','galle','20200');
insert into address values('200336','no.200/3','talla rd','western','kandy','15000');
insert into address values('200595','no.69/69','walla rd','central','kandy','20140');
insert into address values('200111','no.71','balla rd','western','colombo','40558');
insert into salary values ("CEO","3","400000");
insert into salary values ("manager","3","300000");
insert into salary values ("co-manager","3","200000");
insert into salary values ('HR-manager','3','100000');
insert into employment values("200155","CEO","3","Permenant","admin");
insert into employment values("200165","manager","3","Permenant","admin");
insert into employment values("200336","co-manager","3","Permenant","admin");
insert into employment values('200595','HR-manager','3','permenant','HR');
insert into employment values('200111','HR-manager','3','intern','HR');
insert into leave_detail values("3","CEO",'50','50','50','50');
insert into leave_detail values("3","manager",'30','20','20','50');
insert into leave_detail values("3","co-manager",'20','10','20','50');
insert into leave_detail values("3","hr-manager",'12','8','20','50');
insert into personal_leave values("200155",'annual','2022-09-10');
insert into personal_leave values("200155",'annual','2022-09-11');
insert into personal_leave values("200155",'maternity','2022-09-12');
insert into personal_leave values("200155",'annual','2022-09-13');
insert into personal_leave values("200165",'casual','2022-10-10');
insert into personal_leave values("200165",'casual','2022-08-10');
insert into personal_leave values("200336",'casual','2022-10-10');
insert into personal_leave values("200165",'casual','2022-10-11');
insert into personal_leave values("200165",'maternity','2022-10-12');
insert into supervisor values("200155",'200165');
insert into supervisor values ('200155','200336');
insert into supervisor values ('200155','200595');
insert into supervisor values ('200165','200336');
insert into supervisor values ('200165','200595');
insert into supervisor values ('200336','200595');
insert into supervisor values ('200336','200111');
insert into bank_details values ("200155","Bank of ceylon","Matale","1234567890");
insert into bank_details values ("200165","People's bank","Galle",0987654321);
insert into bank_details values ("200336","Hatton National Bank","kandy","5678901234");
insert into bank_details values ('200595','Sampath bank','kandy','47394965730');
insert into bank_details values ('200111','Amana bank','colombo','00156657877');
insert into payroll values('200155','2022-10-9');
insert into payroll values('200155','2022-09-9');
insert into payroll values('200155','2022-08-9');
insert into payroll values('200165','2022-10-9');
insert into payroll values('200336','2022-09-9');
insert into payroll values('200595','2022-08-9');
insert into payroll values('200111','2022-07-9');